ECG,SpO2,Respiration
-36168.4375,7992.25,-17149.375
-36486.875,7997.5,-16863.75
-36804.9375,8072.625,-16548.25
-37122.6875,7929.3125,-16257.375
-37505.5,7994.6875,-15959.125
-37822.5625,7975.5,-15785.875
-38139.25,7939.25,-15497.625
-38390.1875,8042.0625,-15212.5
-38771.875,7993.125,-14970.375
-39022.3125,7998.125,-14729.0
-39272.5625,8056.1875,-14447.0
-39588.125,7946.5,-14257.875
-39903.5625,7929.875,-14015.625
-40087.75,7969.1875,-13834.75
-40337.3125,7887.75,-13607.625
-40652.375,7898.3125,-13403.125
-40836.1875,7896.875,-13242.5
-41150.8125,7942.5625,-13065.625
-41334.625,7902.1875,-12819.875
-41583.625,7905.0,-12655.25
-41767.125,7811.9375,-12476.125
-42016.0625,7909.75,-12292.125
-42199.5,7861.8125,-12064.0
-42382.8125,7866.875,-11900.375
-42566.1875,7940.8125,-11699.875
-42749.4375,7952.875,-11544.25
-42932.75,7990.9375,-11228.375
-43050.5,8024.0,-10909.25
-43233.6875,8019.0625,-10742.875
-43416.9375,7977.25,-10461.25
-43534.75,7972.375,-10174.375
-43718.0625,7994.5625,-9951.5
-43835.75,8022.5,-9757.375
-44018.9375,7941.6875,-9552.125
-44202.0,7929.75,-9372.75
-44319.5,7877.8125,-9165.75
-44502.375,7796.125,-9061.375
-44619.8125,7817.1875,-8764.75
-44802.5625,7823.25,-8603.75
-44919.75,7838.3125,-8381.375
-45102.3125,7853.375,-8106.25
-45219.25,7815.4375,-7985.875
-45336.25,7826.25,-7807.125
-45518.4375,7777.3125,-7803.5
-45700.5,7655.375,-7945.0
-45882.125,7497.6875,-8309.625
-45998.25,7368.25,-8951.75
-46179.6875,7065.5,-9919.0
-46426.3125,6673.1875,-11562.125
-46607.0625,6101.6875,-14117.5
-46787.5,5196.75,-18301.0
-46967.75,4075.4375,-22852.75
-47213.1875,3192.6875,-26694.75
-47458.1875,2496.1875,-29348.875
-47702.875,1873.375,-31132.25
-47881.5,1704.6875,-32022.875
-48125.4375,1705.0625,-32523.5
-48368.875,1633.5625,-32655.5
-48611.9375,1665.0625,-32518.125
-48854.5,1684.625,-32168.375
-49096.625,1717.1875,-31938.5
-49403.6875,1774.8125,-31483.625
-49644.875,1799.4375,-31106.625
-49885.625,1811.1875,-30704.5
-50191.375,1910.0,-30324.875
-50431.1875,1984.8125,-29943.125
-50670.4375,1984.6875,-29590.25
-50974.8125,1974.5625,-29263.5
-51213.125,2011.1875,-28866.25
-51451.0625,2090.6875,-28522.75
-51754.0625,2131.25,-28218.5
-51991.0625,2185.75,-27826.75
-52227.625,2080.9375,-27544.125
-52463.8125,2229.8125,-27228.375
-52765.0,2244.5625,-26965.25
-53000.25,2288.875,-26663.25
-53235.25,2293.875,-26351.5
-53404.3125,2389.6875,-26033.5
-53638.5625,2470.125,-25734.75
-53872.5,2491.375,-25581.25
-54040.5,2607.0625,-25375.125
-54273.8125,2637.1875,-25293.875
-54441.1875,2591.9375,-25119.0
-54608.375,2650.1875,-24971.0
-54775.3125,2610.125,-24866.625
-54941.9375,2620.5625,-24676.25
-55108.375,2690.3125,-24523.875
-55209.1875,2663.75,-24378.625
-55375.3125,2658.625,-24259.875
-55475.8125,2652.9375,-24083.0
-55510.75,2620.8125,-23862.25
-55611.1875,2632.125,-23578.25
-55645.9375,2611.875,-23275.0
-55680.75,2608.125,-23059.25
-55781.125,2654.625,-22720.875
-55685.0,2655.6875,-22515.0
-55719.9375,2742.9375,-22158.125
-55689.5,2670.75,-21965.375
-55659.0625,2729.8125,-21664.625
-55497.875,2752.25,-21270.125
-55467.8125,2855.9375,-20866.25
-55372.4375,2852.875,-20617.0
-55277.4375,2867.0625,-20245.0
-55117.0625,2943.5,-19896.0
-54957.0,3017.25,-19605.125
-54797.125,3149.1875,-19254.5
-54572.125,3210.1875,-18986.625
-54413.0,3230.375,-18699.0
-54188.6875,3364.625,-18407.25
-53964.5625,3351.9375,-18116.5
-53741.0625,3426.3125,-17824.0
-53452.3125,3431.5625,-17557.25
-53164.0,3393.875,-17306.25
-52876.0625,3400.375,-17026.75
-52588.625,3454.75,-16790.25
-52301.5625,3496.9375,-16430.5
-52015.0,3502.3125,-16247.0
-51663.375,3585.5,-15905.0
-51312.1875,3549.0,-15608.125
-50961.4375,3623.625,-15349.125
-50611.3125,3548.625,-15110.25
-50261.5625,3653.625,-14870.0
-49912.25,3622.875,-14601.0
-49563.375,3650.5,-14375.5
-49149.5,3632.5,-14081.875
-48801.75,3685.0,-13836.5
-48388.9375,3649.9375,-13521.0
-48042.0625,3741.125,-13235.5
-47630.25,3765.625,-12967.0
-47218.875,3838.4375,-12595.75
-46808.0,3909.5,-12257.625
-46463.125,4009.0,-11962.875
-46053.25,4094.5625,-11672.625
-45644.0,4137.625,-11422.625
-45235.1875,4161.125,-11179.0
-44892.25,4115.125,-11056.125
-44484.4375,4164.4375,-10848.5
-44142.5,4106.5,-10791.5
-43735.6875,4040.875,-11033.875
-43329.4375,3840.125,-11539.875
-42989.0,3582.0625,-12385.875
-42649.0625,3302.625,-13711.75
-42309.5625,2757.375,-15845.625
-41970.625,1876.25,-19310.125
-41632.0,969.5,-23534.5
-41359.25,68.1875,-27129.375
-41021.5625,-634.0625,-29631.125
-40749.75,-1043.5,-31290.375
-40478.25,-1225.375,-32274.25
-40141.625,-1310.0,-32608.5
-39936.375,-1326.1875,-32669.75
-39666.0,-1315.0625,-32414.875
-39395.9375,-1139.9375,-32017.375
-39191.625,-993.5,-31568.375
-38922.1875,-878.125,-30932.0
-38718.5,-700.625,-30406.0
-38515.125,-564.9375,-29887.0
-38311.875,-480.1875,-29435.375
-38108.9375,-332.25,-28882.25
-37971.75,-291.0625,-28433.625
-37769.1875,-189.9375,-27941.5
-37632.3125,-54.625,-27460.75
-37430.1875,-38.1875,-27021.875
-37293.625,70.375,-26586.125
-37157.1875,71.0625,-26195.375
-37020.875,178.875,-25811.5
-36884.625,169.8125,-25464.625
-36748.4375,210.875,-25117.5
-36612.25,224.0625,-24849.5
-36476.25,269.25,-24631.375
-36340.25,269.6875,-24492.875
-36204.375,302.875,-24225.625
-36134.0,315.1875,-24042.5
-35997.9375,304.375,-24005.0
-35862.0,369.0625,-23860.5
-35726.0,312.25,-23828.5
-35590.0,362.875,-23546.25
-35454.0,419.1875,-23493.375
-35317.75,391.5625,-23322.625
-35181.625,489.8125,-23139.625
-35045.3125,602.75,-22875.875
-34843.5,658.25,-22575.0
-34641.8125,667.5,-22250.375
-34440.0625,725.4375,-21972.625
-34238.3125,767.1875,-21616.125
-34036.5625,864.625,-21262.625
-33900.5,968.8125,-20858.25
-33698.75,878.25,-20593.25
-33497.0625,909.0,-20208.5
-33230.0,1019.8125,-19811.5
-33028.375,1048.9375,-19547.0
-32761.4375,1078.375,-19184.0
-32429.0625,1076.25,-18993.375
-32227.9375,1095.625,-18748.125
-31961.375,1076.25,-18394.75
-31629.625,1160.1875,-18080.0
-31232.5,1191.4375,-17825.375
-30966.75,1229.6875,-17501.625
-30701.125,1274.5,-17216.75
-30370.3125,1216.5,-17020.0
-29974.375,1313.9375,-16730.5
-29709.6875,1290.625,-16353.875
-29248.9375,1446.5625,-16027.875
-28854.125,1501.875,-15792.25
-28590.75,1599.5625,-15404.75
-28196.75,1692.4375,-15094.75
-27737.75,1741.5,-14752.25
-27410.1875,1827.875,-14517.0
-27017.5625,1913.5625,-14136.125
-26560.0625,1933.4375,-13824.25
-26234.125,1994.5625,-13433.375
-25843.1875,2039.9375,-13220.0
-25387.375,2004.6875,-12882.75
-24997.6875,2062.6875,-12653.5
-24608.625,2110.8125,-12297.75
-24220.0625,1998.4375,-12176.25
-23766.625,2088.25,-11878.0
-23379.375,2195.375,-11614.25
-22992.75,2264.8125,-11260.875
-22606.6875,2316.375,-10982.0
-22221.25,2323.3125,-10662.0
-21836.5,2354.1875,-10335.5
-21452.3125,2299.625,-10093.625
-21134.25,2229.25,-9880.0
-20751.125,2361.9375,-9645.75
-20434.0625,2319.875,-9601.375
-20117.5625,2236.0625,-9486.875
-19801.625,2112.8125,-9704.625
-19486.0,1988.625,-10028.0
-19170.9375,1837.875,-10704.75
-18856.3125,1401.5,-11890.0
-18607.5625,832.75,-13933.125
-18359.125,-91.9375,-17723.25
-18110.9375,-1058.6875,-22009.625
-17928.625,-1769.3125,-25646.75
-17680.9375,-2359.625,-28314.75
-17564.4375,-2589.625,-29999.0
-17382.5625,-2733.5625,-30985.875
-17200.8125,-2757.875,-31381.0
-17084.625,-2685.125,-31257.5
-16968.4375,-2644.8125,-31079.125
-16852.125,-2618.375,-30723.75
-16801.3125,-2556.0,-30262.875
-16684.875,-2350.0625,-29810.0
-16633.75,-2255.25,-29318.75
-16647.75,-2171.6875,-28881.5
-16596.0625,-2089.25,-28364.5
-16609.5625,-2010.125,-27926.625
-16557.125,-1930.0625,-27496.125
-16569.75,-1847.25,-27030.625
-16647.5625,-1787.75,-26653.875
-16659.3125,-1706.1875,-26136.875
-16736.125,-1633.875,-25663.375
-16812.4375,-1504.0,-25215.5
-16888.0625,-1480.25,-24768.25
-16963.1875,-1430.75,-24381.0
-17103.125,-1314.375,-24005.25
-17177.0,-1351.1875,-23674.0
-17315.5625,-1203.0625,-23318.5
-17453.4375,-1160.0625,-23093.375
-17590.6875,-1156.1875,-22868.5
-17727.1875,-1131.1875,-22758.375
-17862.9375,-1044.0625,-22722.625
-18063.5625,-964.1875,-22678.75
-18197.9375,-989.8125,-22657.625
-18397.0625,-1065.4375,-22710.875
-18529.9375,-1082.8125,-22671.875
-18727.6875,-1073.0625,-22677.5
-18924.75,-1122.0,-22530.25
-19055.625,-1030.0,-22340.0
-19120.375,-1061.6875,-22200.5
-19315.5,-1005.5625,-21939.25
-19444.5625,-997.125,-21699.375
-19573.0625,-979.625,-21398.125
-19701.0625,-893.1875,-20917.0
-19828.4375,-878.8125,-20680.875
-19889.8125,-769.5,-20316.25
-20016.3125,-776.375,-19930.875
-20142.5,-697.75,-19579.125
-20268.125,-629.5,-19225.5
-20393.4375,-591.0,-18852.125
-20452.9375,-560.25,-18408.25
-20446.75,-539.4375,-18097.875
-20571.25,-431.75,-17773.75
-20630.0625,-347.125,-17342.0
-20623.0,-269.625,-17036.875
-20616.0625,-243.25,-16748.125
-20674.375,-166.75,-16399.625
-20667.1875,-114.3125,-16144.25
-20725.25,5.125,-15889.0
-20717.75,-32.125,-15666.0
-20710.1875,22.375,-15434.375
-20637.1875,66.4375,-15111.25
-20629.625,103.25,-14888.5
-20556.5625,146.75,-14647.625
-20549.125,104.3125,-14469.125
-20476.125,82.4375,-14243.625
-20403.25,79.25,-13978.75
-20330.4375,25.75,-13886.125
-20257.6875,65.5625,-13582.75
-20119.4375,-35.25,-13388.125
-20046.875,-22.25,-13215.125
-19909.0625,-62.875,-13109.125
-19836.75,-52.8125,-12920.5
-19764.5,-71.25,-12805.625
-19626.8125,-115.5625,-12633.875
-19489.4375,-166.125,-12536.75
-19417.5625,-167.5,-12451.125
-19280.25,-215.125,-12296.625
-19208.5625,-204.0625,-12097.375
-19071.5,-86.125,-11842.125
-18934.5625,-39.75,-11631.375
-18797.8125,34.3125,-11440.625
-18726.625,31.6875,-11161.25
-18590.0625,70.9375,-11021.5
-18453.5625,20.5,-10734.375
-18382.6875,35.875,-10732.875
-18246.4375,-84.125,-10815.625
-18175.75,-301.5625,-11230.125
-18039.6875,-410.5,-11815.125
-17969.1875,-766.5625,-13076.0
-17898.6875,-1274.8125,-15314.875
-17828.1875,-2220.6875,-19306.875
-17757.8125,-3367.5,-23762.375
-17622.0625,-4214.8125,-27366.625
-17551.75,-4877.5625,-30040.5
-17481.5625,-5328.0625,-31844.625
-17476.8125,-5525.75,-32801.75
-17406.5625,-5636.6875,-33320.75
-17401.875,-5707.8125,-33485.75
-17397.125,-5734.375,-33341.125
-17326.875,-5619.125,-33294.125
-17322.1875,-5621.0,-32970.375
-17382.9375,-5526.0625,-32610.0
-17378.0625,-5482.875,-32308.75
-17373.3125,-5392.5625,-31995.875
-17433.9375,-5343.9375,-31683.75
-17494.5625,-5220.1875,-31461.75
-17489.5625,-5110.125,-31148.125
-17550.0625,-5073.6875,-30761.375
-17610.5,-5008.1875,-30425.875
-17671.0,-4893.9375,-30029.25
-17796.875,-4881.8125,-29666.0
-17857.1875,-4735.0,-29268.375
-17982.9375,-4753.375,-28881.75
-18108.75,-4660.875,-28474.375
-18168.875,-4673.6875,-28238.625
-18294.5,-4593.8125,-27913.5
-18420.0625,-4619.1875,-27781.25
-18545.4375,-4591.6875,-27723.0
-18670.9375,-4584.625,-27648.375
-18796.3125,-4631.0,-27607.25
-18987.0625,-4756.8125,-27670.625
-19112.25,-4793.375,-27918.0
-19237.3125,-4820.375,-27959.875
-19427.9375,-4855.0625,-28146.0
-19552.875,-4931.375,-28226.75
-19743.3125,-5006.25,-28250.125
-19999.0625,-4942.75,-28195.125
-20123.625,-4956.125,-28106.75
-20313.75,-4799.125,-27808.625
-20372.6875,-4792.875,-27616.5
-20562.625,-4693.625,-27342.625
-20686.9375,-4583.375,-26934.375
-20876.625,-4471.875,-26494.125
-21000.75,-4435.0625,-26114.75
-21190.3125,-4251.1875,-25592.0
-21379.6875,-4254.1875,-25271.625
-21503.4375,-4101.75,-24880.375
-21627.0,-4094.25,-24397.875
-21816.0,-4063.4375,-24149.625
-21939.3125,-4003.5,-23732.125
-22062.5625,-4006.1875,-23441.25
-22120.0625,-4007.625,-23075.625
-22243.0625,-3881.0625,-22664.125
-22431.3125,-3813.5,-22430.125
-22553.875,-3865.8125,-22120.125
-22610.75,-3760.5625,-21840.75
-22667.4375,-3687.375,-21505.5
-22855.0,-3671.5625,-21236.5
-22845.875,-3658.1875,-21005.875
-22967.6875,-3647.125,-20841.0
-23089.1875,-3657.5,-20575.75
-23079.625,-3723.25,-20382.625
-23135.375,-3718.5,-20145.75
-23256.3125,-3669.125,-19970.0
-23246.125,-3654.875,-19687.125
-23301.25,-3623.9375,-19480.375
-23356.1875,-3614.6875,-19116.875
-23345.3125,-3514.5625,-18708.125
-23399.875,-3458.25,-18509.25
-23388.6875,-3454.75,-18142.5
-23377.3125,-3421.0,-17963.75
-23365.75,-3293.25,-17697.875
-23354.125,-3207.5,-17423.625
-23342.1875,-3167.625,-17025.625
-23264.6875,-2998.75,-16798.625
-23252.5,-2912.75,-16529.625
-23240.125,-2905.5,-16237.0
-23162.0625,-2807.25,-16032.125
-23149.5,-2863.75,-15883.375
-23071.25,-2797.25,-15714.0
-22992.9375,-2768.5625,-15420.5
-22979.875,-2760.0625,-15183.375
-22901.25,-2780.3125,-14932.125
-22822.5625,-2693.5625,-14665.5
-22743.8125,-2744.625,-14495.125
-22664.9375,-2741.625,-14343.125
-22585.9375,-2751.625,-14301.75
-22506.9375,-2829.4375,-14266.5
-22362.375,-2931.0625,-14484.75
-22283.25,-3083.5,-14924.625
-22204.125,-3365.4375,-15980.75
-22124.875,-3900.75,-17965.625
-22111.0625,-4712.1875,-21382.5
-22031.6875,-5563.6875,-25034.125
-21952.3125,-6172.5625,-28120.125
-21872.875,-6652.8125,-30428.625
-21858.875,-6914.8125,-32029.375
-21779.375,-7040.6875,-32975.875
-21699.8125,-7123.125,-33516.0
-21685.8125,-7209.5,-33721.875
-21606.1875,-7138.6875,-33724.25
-21592.125,-7074.8125,-33547.25
-21512.5625,-6998.875,-33264.875
-21498.5,-6996.6875,-32955.625
-21484.375,-6879.5625,-32702.5
-21470.3125,-6829.25,-32329.625
-21456.3125,-6716.0625,-32131.625
-21507.5,-6758.5,-31871.0
-21493.25,-6699.9375,-31638.875
-21479.0,-6713.0625,-31453.5
-21530.25,-6595.25,-31080.75
-21581.375,-6569.1875,-30719.375
-21567.125,-6473.125,-30383.5
-21618.3125,-6364.1875,-30059.75
-21669.4375,-6328.125,-29676.75
-21720.5,-6239.0625,-29282.5
-21771.5625,-6217.8125,-28939.375
-21888.0625,-6143.625,-28683.375
-21938.9375,-6106.4375,-28413.0
-22055.3125,-6140.25,-28284.875
-22106.0625,-6111.9375,-28325.375
-22222.3125,-6112.5,-28305.0
-22272.875,-6150.9375,-28279.25
-22389.0625,-6043.375,-28363.75
-22505.0625,-6093.625,-28407.625
-22555.6875,-6090.8125,-28473.75
-22671.625,-6082.875,-28497.5
-22787.5625,-6045.875,-28494.375
-22968.875,-6019.6875,-28365.75
-23019.1875,-6008.4375,-28309.625
-23134.875,-5931.125,-28074.0
-23250.625,-5936.625,-27825.0
-23300.8125,-5914.9375,-27520.375
-23350.9375,-5844.0625,-27278.25
-23466.625,-5799.1875,-26923.625
-23582.25,-5711.375,-26556.75
-23632.3125,-5595.5,-26206.25
-23748.0,-5600.625,-25730.0
-23798.125,-5451.625,-25410.25
-23913.6875,-5441.6875,-24898.0
-24029.3125,-5332.6875,-24488.375
-24144.8125,-5271.4375,-24195.375
-24194.875,-5196.3125,-23816.25
-24179.5,-5073.1875,-23515.125
-24229.625,-4975.25,-23099.5
-24279.875,-4961.125,-22700.875
-24330.0625,-4740.375,-22319.0
-24249.375,-4570.9375,-21959.375
-24299.75,-4513.6875,-21613.375
-24350.25,-4394.875,-21256.375
-24269.8125,-4351.6875,-20925.75
-24320.5,-4305.875,-20663.25
-24371.1875,-4247.0625,-20311.875
-24225.5625,-4266.8125,-19995.875
-24211.1875,-4231.1875,-19703.125
-24262.4375,-4218.9375,-19434.125
-24182.75,-4149.9375,-19223.875
-24103.3125,-4217.0625,-18960.625
-24155.0,-4137.1875,-18668.25
-24075.875,-4121.375,-18428.625
-23997.0625,-4019.625,-18151.5
-23918.4375,-4024.75,-17934.875
-23840.125,-4072.875,-17702.0
-23762.0625,-4001.0,-17456.0
-23684.3125,-3908.3125,-17197.75
-23541.375,-3919.4375,-17032.75
-23464.3125,-3878.6875,-16770.25
-23387.5,-3769.8125,-16472.0
-23245.6875,-3689.0625,-16228.75
-23169.6875,-3669.25,-15974.625
-23028.5,-3512.5,-15623.0
-22953.25,-3450.75,-15324.625
-22812.9375,-3381.0,-15155.25
-22738.5,-3225.25,-14900.75
-22599.0625,-3348.3125,-14552.875
-22459.9375,-3205.4375,-14237.0
-22386.8125,-3128.5625,-13998.875
-22248.6875,-3119.4375,-13844.5
-22176.4375,-3118.4375,-13547.75
-22039.125,-3097.0625,-13407.5
-21967.75,-3212.5625,-13464.625
-21831.3125,-3245.9375,-13692.125
-21760.9375,-3408.8125,-14237.375
-21690.875,-3719.375,-15439.5
-21621.25,-4194.25,-17629.25
-21552.1875,-4954.3125,-20733.125
-21483.5,-5672.4375,-23861.375
-21415.3125,-6359.875,-26539.0
-21413.0,-6938.75,-28722.625
-21345.5625,-7229.125,-30118.375
-21344.0625,-7700.125,-31615.75
-21342.875,-8075.5625,-32620.375
-21276.625,-8319.8125,-33348.75
-21276.1875,-8710.625,-34078.25
-21276.25,-8965.25,-34519.25
-21276.5625,-9161.5625,-34887.75
-21342.8125,-9309.625,-35238.125
-21343.875,-9436.4375,-35442.625
-21345.3125,-9583.125,-35589.25
-21412.5625,-9520.6875,-35343.5
-21479.9375,-9408.125,-35227.625
-21482.25,-9408.5625,-35043.75
-21550.375,-9446.75,-34898.5
-21684.125,-9373.8125,-34602.625
-21752.6875,-9392.6875,-34558.375
-21821.4375,-9326.625,-34366.25
-21890.4375,-9273.4375,-33976.875
-21959.625,-9189.0625,-33518.875
-22094.5,-9072.75,-33069.0
-22164.0625,-8841.5625,-32519.875
-22233.8125,-8603.4375,-31919.0
-22303.6875,-8434.375,-31300.75
-22439.375,-8192.4375,-30775.125
-22509.625,-8019.75,-30339.375
-22580.0,-7823.1875,-29982.5
-22650.5625,-7727.625,-29695.375
-22721.25,-7543.0625,-29468.5
-22857.5625,-7277.75,-29256.125
-22863.125,-7210.25,-29015.625
-22934.1875,-7149.9375,-28784.375
-23071.0,-7020.8125,-28477.375
-23076.8125,-6931.5,-28178.5
-23082.75,-6880.3125,-27965.75
-23154.375,-6747.125,-27695.5
-23160.625,-6583.0625,-27186.75
-23101.5,-6428.0,-26800.0
-23042.5,-6230.0625,-26314.0
-23049.3125,-6027.125,-25769.75
-22990.8125,-5873.1875,-25329.25
-22932.5625,-5577.5625,-24618.75
-23005.375,-5566.75,-24136.75
-22881.875,-5198.3125,-23455.375
-22758.5,-4998.75,-22842.875
-22766.4375,-4803.5,-22323.875
-22643.4375,-4617.1875,-21752.75
-22520.8125,-4480.9375,-21341.375
-22332.75,-4326.75,-20836.75
-22276.0,-4167.5625,-20332.625
-22088.5,-4126.4375,-19993.375
-21901.3125,-3999.5,-19659.375
-21648.875,-3983.5,-19483.5
-21527.8125,-3965.5625,-19163.0
-21341.5625,-3878.9375,-18860.875
-21090.1875,-3831.6875,-18611.25
-20904.625,-3864.8125,-18366.5
-20653.9375,-3812.6875,-18048.875
-20338.3125,-3712.75,-17802.25
-20088.5625,-3683.8125,-17487.625
-19904.75,-3671.75,-17267.375
-19655.8125,-3605.5,-17027.875
-19341.75,-3524.75,-16706.5
-19093.625,-3417.1875,-16427.375
-18714.9375,-3338.8125,-16126.75
-18467.6875,-3256.75,-15883.0
-18221.0,-3199.5,-15690.75
-17909.1875,-3119.375,-15427.875
-17597.875,-3045.25,-15229.5
-17287.125,-3016.125,-15129.5
-16976.875,-3009.0,-14910.5
-16667.1875,-2928.875,-14731.625
-16357.9375,-2955.75,-14506.5
-16049.25,-2891.375,-14301.875
-15741.0625,-2872.0,-14195.0
-15433.4375,-2969.375,-14052.375
-15126.3125,-2913.625,-13900.125
-14885.1875,-2949.75,-13828.375
-14579.0625,-2867.6875,-13503.0
-14273.5,-2823.6875,-13265.375
-13968.5,-2885.4375,-12959.25
-13729.5625,-2727.375,-12767.75
-13491.125,-2807.25,-12610.0
-13253.1875,-2820.0,-12453.125
-12950.25,-2809.6875,-12609.5
-12713.3125,-3009.3125,-12924.125
-12476.9375,-3146.8125,-13761.125
-12241.0,-3566.875,-15374.75
-12005.625,-4081.4375,-17658.75
-11836.1875,-4625.375,-20293.25
-11667.125,-5138.9375,-22740.0
-11433.0625,-5594.0,-24817.75
-11264.875,-5858.75,-26294.125
-11162.625,-6067.1875,-27344.125
-10995.25,-6124.5625,-27995.875
-10893.6875,-6129.8125,-28268.25
-10792.5625,-6137.125,-28353.75
-10691.625,-6126.375,-28243.625
-10591.125,-6008.5,-28093.375
-10490.875,-5970.6875,-27859.0
-10456.4375,-5965.6875,-27475.0
-10356.6875,-5868.5625,-27183.25
-10322.8125,-5804.4375,-26915.0
-10289.0625,-5733.1875,-26622.125
-10255.6875,-5704.0,-26395.75
-10222.4375,-5625.75,-26172.25
-10254.9375,-5625.5,-25920.125
-10222.0625,-5478.375,-25483.875
-10254.875,-5473.125,-25172.625
-10287.9375,-5374.875,-24855.25
-10321.125,-5328.8125,-24463.125
-10354.3125,-5183.6875,-24085.5
-10387.6875,-5090.6875,-23650.75
-10421.1875,-5008.6875,-23608.0
-10454.8125,-4890.875,-23356.5
-10619.5,-4809.0,-23114.125
-10587.6875,-4670.25,-23023.125
-10687.0,-4592.5625,-22912.375
-10851.875,-4697.5625,-23047.875
-10951.3125,-4719.5625,-23067.5
-10919.8125,-4728.4375,-23230.875
-11019.375,-4747.375,-23188.125
-11119.1875,-4719.25,-23327.125
-11153.5,-4757.0,-23285.0
-11318.8125,-4841.5,-23233.125
-11353.25,-4887.75,-23243.375
-11453.1875,-4839.0,-23096.0
-11487.6875,-4810.25,-22969.75
-11522.25,-4783.5,-22858.875
-11556.9375,-4804.5,-22611.75
-11591.6875,-4715.625,-22206.875
-11626.5,-4704.75,-22041.875
-11661.4375,-4599.875,-21618.875
-11696.4375,-4516.8125,-21327.75
-11731.5625,-4444.0625,-21039.875
-11766.625,-4322.1875,-20717.125
-11801.875,-4332.3125,-20444.75
-11837.1875,-4262.3125,-20108.625
-11807.0625,-4186.4375,-19937.375
-11711.75,-4083.6875,-19577.75
-11747.5,-3988.9375,-19324.75
-11717.9375,-3859.1875,-18874.125
-11688.5,-3804.5625,-18596.625
-11593.75,-3651.0625,-18197.375
-11499.125,-3654.4375,-17875.0
-11535.6875,-3540.75,-17498.375
-11441.375,-3518.25,-17223.25
-11281.875,-3505.6875,-16908.625
-11319.0625,-3416.1875,-16607.5
-11225.3125,-3365.75,-16332.5
-11066.4375,-3351.375,-16039.75
-11038.75,-3286.3125,-15796.5
-10814.75,-3252.5,-15534.125
-10722.125,-3184.25,-15264.25
-10695.1875,-3119.0,-14981.0
-10537.375,-3154.9375,-14826.5
-10445.4375,-3087.8125,-14583.125
-10353.6875,-3069.5,-14413.75
-10196.8125,-3039.75,-14169.0
-10105.625,-3007.25,-14008.625
-10014.6875,-2979.0,-13756.25
-9858.5,-2880.0,-13523.0
-9768.125,-2806.9375,-13185.5
-9678.0,-2682.125,-12982.5
-9588.0,-2598.25,-12671.0
-9498.3125,-2570.375,-12514.125
-9408.9375,-2447.5,-12133.0
-9385.3125,-2366.625,-11799.375
-9296.375,-2293.875,-11495.375
-9273.1875,-2242.0625,-11231.25
-9184.8125,-2144.3125,-10952.875
-9162.1875,-2152.3125,-10800.125
-9139.875,-2198.25,-10516.375
-9117.6875,-2189.0625,-10656.0
-9095.8125,-2249.75,-10830.125
-9074.1875,-2482.9375,-11472.0
-9118.25,-2723.8125,-12878.0
-9097.0625,-3232.0625,-14979.125
-9141.625,-3809.625,-17561.5
-9186.375,-4467.5,-20099.125
-9231.3125,-5029.625,-22364.75
-9341.875,-5429.25,-24183.75
-9452.625,-5710.5625,-25549.75
-9563.625,-5968.625,-26280.875
-9674.6875,-5974.6875,-26863.875
-9851.375,-6027.5,-27068.75
-9962.8125,-6017.4375,-27118.625
-10139.75,-6010.25,-27117.125
-10316.9375,-5917.1875,-26733.875
-10494.1875,-5772.3125,-26438.75
-10671.4375,-5878.25,-26174.625
-10914.3125,-5780.25,-25833.625
-11091.8125,-5636.4375,-25533.0
-11334.75,-5537.5,-25164.75
-11577.75,-5475.75,-24909.0
-11820.6875,-5425.875,-24718.875
-12063.75,-5330.9375,-24428.25
-12306.75,-5226.125,-24139.75
-12615.25,-5206.25,-23928.0
-12858.1875,-5069.3125,-23594.25
-13166.5625,-4889.5,-23230.75
-13409.4375,-4848.625,-23022.75
-13652.3125,-4813.5625,-22794.5
-13960.625,-4785.5,-22581.25
-14203.1875,-4811.25,-22471.25
-14445.75,-4799.125,-22394.75
-14753.75,-4848.75,-22327.25
-14996.0625,-4831.4375,-22415.875
-15238.3125,-4969.75,-22468.375
-15480.3125,-4960.125,-22576.75
-15722.25,-4842.5,-22605.875
-15963.9375,-4854.75,-22673.5
-16139.875,-4914.0,-22629.125
-16381.3125,-4954.0625,-22645.0
-16622.4375,-4886.125,-22681.0
-16798.0,-4941.1875,-22479.125
-16973.3125,-4904.125,-22351.125
-17148.4375,-4811.1875,-22128.875
-17192.4375,-4782.1875,-21885.125
-17367.25,-4724.25,-21677.0
-17476.4375,-4573.3125,-21271.5
-17519.875,-4514.4375,-20885.5
-17628.625,-4364.5,-20557.875
-17737.25,-4342.6875,-20233.375
-17845.6875,-4239.875,-19896.625
-17822.8125,-4059.0625,-19552.625
-17865.25,-4040.3125,-19219.0
-17907.625,-3920.5625,-18865.75
-17949.625,-3829.8125,-18533.125
-17860.5,-3736.125,-18161.375
-17902.125,-3673.3125,-17821.5
-17812.625,-3691.375,-17631.75
-17788.4375,-3617.4375,-17297.75
-17633.0625,-3572.4375,-16998.875
-17543.0625,-3522.3125,-16644.5
-17518.3125,-3445.3125,-16391.5
-17427.875,-3361.375,-16102.875
-17271.75,-3358.375,-15870.25
-17246.5,-3347.25,-15588.75
-17024.6875,-3281.0,-15258.875
-16868.125,-3256.75,-14977.25
-16777.0,-3173.5625,-14752.875
-16620.125,-3136.3125,-14416.0
-16463.0625,-3043.1875,-14114.125
-16305.875,-3010.0625,-13844.25
-16148.6875,-2909.1875,-13551.125
-15925.875,-2878.5,-13328.25
-15768.4375,-2709.0,-13004.0
-15610.9375,-2536.0625,-12639.125
-15387.8125,-2506.625,-12358.375
-15230.25,-2406.0625,-12134.0
-15072.5625,-2350.625,-11916.375
-14849.3125,-2423.125,-11769.75
-14691.5625,-2340.4375,-11631.0
-14533.8125,-2311.3125,-11405.625
-14310.4375,-2335.375,-11106.625
-14152.625,-2268.625,-10891.625
-13994.8125,-2205.0625,-10626.125
-13836.9375,-2195.375,-10446.0
-13679.1875,-2211.625,-10263.0
-13521.375,-2188.6875,-10038.875
-13363.5,-2114.6875,-9902.75
-13271.25,-2129.75,-9695.0
-13113.5,-2159.625,-9630.375
-13021.3125,-2263.25,-9925.5
-12863.625,-2436.8125,-10597.5
-12771.4375,-2830.8125,-11980.5
-12613.875,-3370.1875,-14090.25
-12521.8125,-3899.875,-16588.375
-12429.75,-4459.0,-19215.375
-12403.25,-5014.4375,-21543.75
-12376.75,-5292.625,-23290.625
-12284.75,-5545.4375,-24751.875
-12258.25,-5617.0,-25662.0
-12231.8125,-5741.5625,-26476.875
-12205.3125,-5766.9375,-26678.0
-12244.25,-5750.25,-26713.875
-12217.8125,-5790.5625,-26624.75
-12191.375,-5693.75,-26392.875
-12230.375,-5704.0,-26196.25
-12269.25,-5638.1875,-25966.625
-12308.1875,-5625.25,-25802.625
-12347.0625,-5565.375,-25663.25
-12385.75,-5480.5625,-25486.125
-12424.4375,-5388.75,-25278.375
-12528.5,-5468.875,-25252.625
-12632.5,-5313.0625,-24997.875
-12670.9375,-5376.25,-24949.625
-12774.75,-5352.25,-24757.0
-12878.3125,-5368.3125,-24482.5
-12981.6875,-5255.5,-24207.125
-13084.9375,-5248.5,-24061.625
-13187.9375,-5130.5625,-23790.125
-13356.25,-5049.75,-23580.875
-13458.875,-5000.875,-23436.25
-13561.3125,-4901.0625,-23358.875
-13728.9375,-4916.25,-23320.125
-13830.8125,-4895.4375,-23319.125
-13998.0,-4875.4375,-23307.5
-14099.25,-4835.625,-23423.5
-14265.6875,-4856.625,-23416.375
-14431.6875,-4864.5625,-23383.25
-14597.4375,-4873.5,-23357.25
-14697.3125,-4879.375,-23399.375
-14862.1875,-4838.1875,-23268.125
-14961.25,-4878.6875,-23179.875
-15125.5,-4880.375,-23078.0
-15223.75,-4793.75,-22941.125
-15321.625,-4764.1875,-22631.25
-15353.6875,-4705.5625,-22428.625
-15450.8125,-4633.8125,-22037.875
-15547.5,-4621.125,-21815.75
-15643.875,-4587.375,-21594.625
-15674.3125,-4493.75,-21203.625
-15769.875,-4418.1875,-20872.0
-15799.5625,-4361.4375,-20657.125
-15959.8125,-4303.875,-20289.75
-15988.6875,-4212.25,-20025.875
-16017.25,-4108.75,-19671.0
-15980.0,-4065.3125,-19349.0
-16007.875,-3931.9375,-19003.5
-16100.9375,-3789.625,-18616.875
-16062.5625,-3696.375,-18277.5
-16089.5,-3612.0625,-17937.125
-15985.125,-3516.8125,-17623.625
-16011.5625,-3407.75,-17360.875
-15972.1875,-3310.5625,-16985.0
-15867.125,-3288.3125,-16736.875
-15892.875,-3198.125,-16377.125
-15852.875,-3221.875,-16057.25
-15681.8125,-3110.5625,-15788.0
-15707.0,-3155.0625,-15443.625
-15601.125,-3036.75,-15273.25
-15495.125,-3062.125,-14986.125
-15454.5625,-2975.5,-14758.25
-15348.375,-2928.8125,-14445.25
-15242.1875,-2885.1875,-14229.5
-15201.4375,-2831.5,-13972.75
-15029.625,-2837.75,-13709.75
-14923.4375,-2752.0,-13546.25
-14817.25,-2709.5625,-13300.125
-14711.0625,-2718.0625,-13090.25
-14604.875,-2616.75,-12906.875
-14433.4375,-2507.875,-12587.375
-14327.625,-2453.4375,-12294.5
-14221.875,-2426.625,-12049.625
-14050.8125,-2258.0,-11778.375
-13945.3125,-2205.625,-11510.5
-13840.0625,-2015.375,-11200.25
-13669.4375,-1929.0625,-10792.875
-13564.5625,-1823.25,-10463.125
-13459.75,-1813.8125,-10261.75
-13355.1875,-1946.375,-9905.875
-13185.4375,-1811.1875,-9750.125
-13081.3125,-1761.0,-9498.5
-12977.5625,-1727.75,-9506.875
-12873.9375,-1858.1875,-9575.125
-12705.0625,-1922.375,-10028.5
-12602.0625,-2233.0,-11070.375
-12499.25,-2704.1875,-12900.625
-12396.75,-3210.6875,-15229.125
-12359.875,-3929.5625,-17936.5
-12257.8125,-4504.6875,-20482.0
-12221.375,-4867.4375,-22575.75
-12119.75,-5328.5,-24337.625
-12083.8125,-5581.1875,-25496.75
-12048.125,-5689.8125,-26321.875
-12012.6875,-5761.125,-26837.875
-11977.375,-5747.5625,-27035.0
-11942.3125,-5861.625,-27021.5
-11907.4375,-5855.6875,-26860.5
-11872.875,-5756.75,-26763.75
-11904.0,-5576.8125,-26548.375
-11869.6875,-5564.0,-26295.125
-11901.125,-5463.0625,-25963.0
-11932.625,-5406.375,-25802.0
-11964.25,-5385.4375,-25676.875
-11996.0625,-5267.625,-25501.5
-12028.0,-5235.6875,-25369.25
-12060.0,-5151.875,-25179.75
-12092.1875,-4999.1875,-24992.25
-12190.0,-4948.5625,-24823.25
-12222.375,-4836.0,-24576.625
-12320.375,-4847.4375,-24410.875
-12418.25,-4789.625,-24015.625
-12450.75,-4755.9375,-23894.625
-12548.75,-4661.125,-23719.125
-12646.9375,-4739.1875,-23606.625
-12745.0625,-4699.25,-23603.5
-12843.125,-4735.9375,-23515.125
-12875.8125,-4713.75,-23605.625
-12973.9375,-4804.3125,-23678.375
-13072.125,-4787.875,-23817.125
-13170.375,-4820.25,-23743.75
-13268.625,-4748.6875,-23725.25
-13366.75,-4868.0,-23826.25
-13464.875,-4801.1875,-23845.125
-13628.5625,-4792.3125,-23650.625
-13792.125,-4773.5,-23560.625
-13824.5625,-4745.5625,-23381.375
-13922.5,-4721.6875,-23078.0
-14020.4375,-4577.875,-22838.125
-14052.75,-4463.9375,-22507.125
-14150.6875,-4331.0625,-22239.5
-14248.5,-4145.375,-21799.0
-14346.0625,-4105.5625,-21459.875
-14443.625,-4054.875,-21217.875
-14541.0625,-3929.125,-20911.625
-14572.9375,-3865.5625,-20626.625
-14670.25,-3790.875,-20289.625
-14701.8125,-3675.4375,-19890.125
-14798.8125,-3628.6875,-19528.625
-14764.75,-3597.125,-19259.25
-14861.5625,-3509.3125,-18928.25
-14892.6875,-3458.5,-18629.125
-14858.25,-3426.625,-18290.25
-14823.6875,-3410.6875,-18064.75
-14789.0,-3326.75,-17759.125
-14885.1875,-3236.75,-17461.125
-14850.0625,-3179.8125,-17079.125
-14814.875,-3138.8125,-16849.625
-14845.0625,-3154.75,-16532.25
-14809.5625,-3103.8125,-16308.875
-14773.8125,-3041.8125,-16006.75
-14738.0,-3005.75,-15680.25
-14701.875,-2878.9375,-15371.0
-14600.1875,-2790.0625,-15157.25
-14563.8125,-2705.25,-14734.75
-14527.25,-2575.6875,-14446.25
-14359.5625,-2528.9375,-14200.875
-14388.1875,-2428.375,-13873.5
-14285.4375,-2365.8125,-13628.0
-14182.6875,-2339.25,-13388.75
-14079.625,-2258.6875,-13247.5
-14041.875,-2248.0625,-12979.25
-13938.3125,-2159.5,-12643.5
-13834.75,-2138.8125,-12432.625
-13730.9375,-2135.25,-12179.25
-13626.9375,-1993.8125,-11890.5
-13588.25,-2060.4375,-11684.5
-13483.8125,-1968.5,-11399.125
-13379.25,-1988.0,-11195.625
-13340.0,-1955.3125,-10990.5
-13235.0625,-1929.9375,-10694.75
-13129.875,-1874.5625,-10419.875
-13090.125,-1873.25,-10193.25
-12984.6875,-1717.5625,-9830.625
-12879.125,-1738.25,-9716.75
-12838.9375,-1690.125,-9485.375
-12733.25,-1593.1875,-9299.75
-12627.3125,-1622.25,-9301.625
-12586.875,-1672.1875,-9366.625
-12546.3125,-1729.1875,-10019.625
-12440.125,-2066.5,-11191.375
-12399.4375,-2416.375,-13104.0
-12424.1875,-2933.5625,-15507.5
-12383.375,-3497.1875,-18018.75
-12342.5,-3971.375,-20296.75
-12367.25,-4401.6875,-22186.625
-12326.4375,-4695.8125,-23711.0
-12351.0625,-4993.5625,-24746.5
-12375.875,-5181.875,-25364.125
-12400.75,-5254.125,-25747.5
-12425.6875,-5242.9375,-25897.875
-12450.625,-5308.75,-25945.25
-12475.6875,-5313.375,-25791.75
-12566.4375,-5286.9375,-25630.875
-12657.25,-5203.5,-25394.25
-12748.125,-5133.9375,-25129.625
-12773.6875,-5098.5,-24848.625
-12864.9375,-5013.0,-24768.25
-13021.875,-4982.5625,-24633.625
-13113.375,-4987.0,-24500.0
-13205.1875,-4914.5625,-24372.625
-13362.5625,-4823.25,-24166.625
-13454.6875,-4805.875,-23982.0
-13612.625,-4747.5625,-23690.25
-13770.75,-4649.5,-23452.875
-13863.625,-4558.375,-23179.625
-14022.25,-4470.1875,-22931.0
-14180.9375,-4391.25,-22777.625
-14340.0,-4365.25,-22603.75
-14499.25,-4371.0625,-22581.125
-14658.6875,-4441.75,-22576.625
-14818.375,-4443.1875,-22607.5
-14978.25,-4494.8125,-22729.25
-15072.9375,-4546.25,-22789.0
-15298.875,-4599.4375,-22884.125
-15328.5,-4586.5,-23007.5
-15489.5625,-4579.4375,-23169.375
-15650.875,-4593.25,-23163.875
-15746.8125,-4665.9375,-23211.0
-15843.125,-4591.5,-23086.875
-15939.625,-4657.0,-22990.25
-16036.5625,-4629.4375,-22879.75
-16133.625,-4647.75,-22644.375
-16100.0625,-4594.1875,-22438.375
-16132.3125,-4535.3125,-22135.125
-16164.875,-4437.625,-21892.25
-16132.3125,-4362.9375,-21527.25
-16100.0625,-4295.125,-21217.625
-16199.25,-4174.5,-20847.5
-16102.125,-4069.9375,-20586.0
-16070.9375,-4007.25,-20226.25
-16039.9375,-3811.8125,-19861.25
-15943.9375,-3772.1875,-19510.625
-15782.75,-3639.75,-19228.75
-15622.125,-3621.1875,-18834.0
-15527.3125,-3566.625,-18643.125
-15367.5,-3625.9375,-18472.375
-15208.0625,-3623.3125,-18167.625
-14983.625,-3632.375,-17986.875
-14825.0625,-3584.5625,-17764.75
-14601.5,-3494.6875,-17460.75
-14312.875,-3309.875,-17120.875
-14090.25,-3252.0625,-16794.5
-13868.125,-3300.9375,-16542.5
-13580.875,-3254.875,-16364.25
-13294.125,-3147.9375,-15929.875
-13007.9375,-3117.8125,-15750.375
-12656.6875,-3042.75,-15470.375
-12306.125,-3064.5,-15198.5
-12086.9375,-3118.1875,-14961.25
-11737.375,-3045.8125,-14800.625
-11388.3125,-3027.5,-14561.25
-11039.75,-3023.125,-14339.0
-10691.8125,-3028.8125,-14161.75
-10278.875,-2895.4375,-13899.625
-9932.1875,-2791.125,-13574.625
-9586.0,-2681.75,-13292.75
-9240.3125,-2737.3125,-13003.625
-8829.75,-2751.8125,-12759.625
-8485.1875,-2639.375,-12490.875
-8141.3125,-2569.875,-12252.0
-7732.5,-2437.5625,-11892.5
-7389.75,-2410.4375,-11687.375
-7047.5625,-2211.5,-11334.25
-6706.0,-2099.9375,-11014.25
-6365.125,-2043.5625,-10717.375
-6024.875,-1951.9375,-10450.0
-5685.0625,-1960.125,-10249.375
-5411.375,-1937.375,-9987.0
-5072.875,-1921.5,-9838.0
-4800.375,-1899.125,-9686.5
-4397.625,-1989.4375,-9670.875
-4126.4375,-2133.5,-10133.875
-3921.3125,-2369.375,-11037.625
-3651.25,-2902.75,-12732.625
-3381.6875,-3389.5,-15102.75
-3178.3125,-4046.5,-17663.375
-2975.4375,-4679.75,-20355.125
-2773.0625,-5156.4375,-22612.125
-2636.8125,-5559.625,-24402.0
-2500.9375,-5841.4375,-25731.0
-2300.0625,-6020.0,-26646.25
-2165.3125,-6099.25,-27049.625
-2096.4375,-6165.4375,-27408.125
-2028.0,-6124.625,-27452.875
-1894.5625,-6145.625,-27463.25
-1826.9375,-6127.5625,-27370.0
-1825.25,-5967.625,-27228.5
-1758.5625,-5911.5,-27082.375
-1757.6875,-5861.5625,-26901.375
-1757.0,-5806.4375,-26738.5
-1822.25,-5726.375,-26606.375
-1822.3125,-5686.3125,-26445.125
-1888.25,-5636.0625,-26302.25
-1888.875,-5641.75,-26252.125
-2020.6875,-5647.375,-26116.875
-2087.1875,-5672.8125,-25878.125
-2219.5625,-5597.1875,-25752.0
-2286.4375,-5541.5625,-25465.125
-2419.125,-5517.0,-25187.625
-2551.9375,-5494.25,-25045.25
-2750.25,-5533.5,-24829.25
-2883.25,-5512.8125,-24730.75
-3081.875,-5506.9375,-24539.0
-3280.4375,-5457.0625,-24559.125
-3479.0,-5523.125,-24544.25
-3612.25,-5495.125,-24508.75
-3876.375,-5455.125,-24596.625
-4074.875,-5520.125,-24684.5
-4273.375,-5481.0625,-24635.5
-4471.875,-5446.0625,-24573.0
-4670.375,-5476.8125,-24527.75
-4934.0,-5359.6875,-24457.625
-5132.1875,-5304.5625,-24344.125
-5330.125,-5323.5,-24181.625
-5528.0,-5186.375,-23984.0
-5660.0625,-5154.125,-23776.0
-5857.5625,-5121.875,-23541.0
-6055.0,-5039.75,-23199.75
-6186.625,-5001.5625,-22885.875
-6383.5625,-4915.3125,-22488.125
-6514.75,-4815.0625,-22195.875
-6776.6875,-4792.5625,-21809.375
-6841.875,-4755.0625,-21575.375
-7037.8125,-4750.5625,-21068.125
-7167.9375,-4662.9375,-20850.5
-7297.875,-4621.3125,-20550.875
-7296.5,-4573.6875,-20247.25
-7426.0,-4542.0625,-19884.25
-7555.0625,-4464.4375,-19522.375
-7618.375,-4411.8125,-19182.0
-7615.9375,-4304.3125,-18875.5
-7678.75,-4284.6875,-18584.25
-7806.8125,-4196.0625,-18301.125
-7803.5625,-4118.4375,-17970.875
-7734.625,-4006.9375,-17746.125
-7730.8125,-3909.3125,-17359.625
-7726.875,-3821.9375,-17017.125
-7722.5625,-3690.625,-16830.25
-7718.0625,-3626.25,-16459.125
-7647.8125,-3621.75,-16215.875
-7577.3125,-3570.375,-15804.875
-7572.0625,-3506.0,-15518.875
-7501.0,-3497.5,-15241.875
-7364.3125,-3498.0,-14981.25
-7358.25,-3375.5,-14681.75
-7286.5,-3409.0,-14365.625
-7149.0625,-3337.375,-14138.625
-7076.875,-3326.625,-13912.5
-6939.0625,-3278.75,-13665.75
-6800.875,-3287.875,-13469.0
-6728.125,-3192.0,-13155.75
-6589.625,-3224.0,-12831.25
-6451.0,-3153.125,-12486.625
-6312.1875,-3054.375,-12169.625
-6238.6875,-2921.75,-11947.25
-6099.4375,-2976.25,-11762.625
-5959.9375,-2926.0,-11485.75
-5820.4375,-2883.0,-11315.75
-5746.25,-2829.6875,-10995.75
-5606.4375,-2762.25,-10675.5
-5531.8125,-2622.8125,-10355.625
-5391.75,-2487.375,-9986.375
-5317.0,-2441.75,-9698.875
-5176.625,-2289.625,-9338.625
-5101.6875,-2266.625,-9009.5
-5026.5,-2269.8125,-8777.25
-4951.25,-2209.9375,-8724.125
-4875.9375,-2284.0625,-8876.625
-4800.375,-2504.8125,-9482.75
-4790.3125,-2778.0625,-10799.875
-4780.0,-3318.5,-12889.375
-4769.5625,-3959.375,-15503.25
-4759.0,-4552.3125,-18359.375
-4748.3125,-5198.5625,-20901.375
-4803.0,-5692.125,-23066.75
-4857.5625,-6089.25,-24667.0
-4911.875,-6336.0,-25830.375
-4966.125,-6544.375,-26594.375
-5020.0625,-6694.625,-27097.125
-5074.0,-6681.625,-27293.125
-5193.25,-6807.625,-27429.125
-5312.1875,-6714.5,-27401.0
-5431.0,-6684.5,-27213.875
-5549.625,-6644.375,-27091.25
-5668.125,-6554.375,-26880.5
-5786.3125,-6520.3125,-26584.875
-5969.75,-6334.4375,-26452.875
-6153.0,-6256.5625,-26311.625
-6336.0625,-6270.6875,-26190.0
-6518.875,-6222.8125,-26033.375
-6701.3125,-6242.8125,-25882.125
-6883.5625,-6201.9375,-25703.25
-7065.5625,-6086.0625,-25401.625
-7247.3125,-6087.1875,-25167.75
-7428.75,-6057.3125,-24930.875
-7610.0,-6028.25,-24692.875
-7790.9375,-5984.125,-24445.75
-8037.0,-6021.0,-24320.375
-8217.25,-6023.75,-24058.5
-8397.0625,-6006.5,-23979.875
-8576.6875,-5889.1875,-23996.0
-8756.0,-5840.9375,-23909.75
-8935.0,-5991.4375,-23981.375
-9113.5625,-6029.8125,-24054.0
-9291.875,-6075.125,-24083.0
-9404.3125,-6115.375,-24178.0
-9582.0,-6113.4375,-24137.75
-9693.8125,-6132.5625,-24088.0
-9870.75,-6146.5,-24016.375
-10047.3125,-6144.5,-23840.375
-10158.0,-6197.4375,-23701.125
-10268.3125,-6123.3125,-23420.5
-10312.625,-6110.125,-23127.5
-10356.75,-5983.0,-22820.125
-10466.0625,-5838.9375,-22285.625
-10509.5,-5757.0625,-21967.5
-10552.5,-5589.25,-21609.375
-10595.3125,-5528.5,-21301.375
-10703.125,-5433.5625,-20861.375
-10679.5625,-5309.8125,-20501.375
-10721.25,-5182.0625,-20189.375
-10762.5,-5034.25,-19796.75
-10737.875,-4976.5,-19488.875
-10647.5,-4933.5625,-19036.875
-10687.8125,-4886.6875,-18782.375
-10662.125,-4835.75,-18450.375
-10636.25,-4750.0,-18157.875
-10544.625,-4669.0625,-17784.625
-10452.625,-4640.3125,-17450.5
-10491.3125,-4672.4375,-17223.75
-10398.5625,-4611.5,-16912.0
-10305.625,-4595.75,-16570.75
-10277.875,-4618.6875,-16393.25
-10118.75,-4544.8125,-16007.875
-10025.0625,-4465.75,-15683.0
-9996.4375,-4395.875,-15314.375
-9836.625,-4350.8125,-14984.5
-9742.0,-4301.9375,-14616.625
-9647.125,-4119.125,-14270.625
-9552.125,-4130.375,-13971.75
-9456.875,-4026.75,-13581.875
-9361.4375,-3923.0625,-13260.75
-9265.75,-18024.5,-45498.25
-9169.875,-3680.1875,-12466.375
-9139.3125,-3596.1875,-18243.875
-9042.9375,-9604.3125,-25591.625
-8946.3125,-3487.9375,-11764.75
-8849.75,-3452.1875,-11532.875
-8752.875,-5290.5625,-11377.375
-8656.0,-3420.75,-11161.0
-8559.0625,-3449.625,-10894.5
-8461.875,-3339.0625,-10575.625
-8364.8125,-5218.0,-10329.375
-8267.5625,-5144.1875,-21766.75
-8170.375,-3241.1875,-13921.375
-8138.5625,-3270.0625,-9592.625
-8041.1875,-3227.0625,-9309.875
-7943.875,-3253.875,-9039.25
-7912.0625,-3226.75,-8806.375
-7814.6875,-3171.375,-8447.375
-7782.9375,-3109.0625,-8056.875
-7620.25,-2984.6875,-7784.0
-7588.625,-2924.375,-7479.0
-7491.5625,-2899.0,-7168.875
-7460.0625,-2910.5,-6909.75
-7428.6875,-2844.9375,-6713.125
-7397.4375,-2899.3125,-6789.25
-7366.25,-2946.5,-7070.625
-7335.125,-3158.4375,-8101.0
-7304.25,-3629.8125,-10012.75
-7273.375,-4196.4375,-12543.25
-7242.75,-4875.5,-15339.75
-7277.6875,-6729.5,-18007.5
-7247.3125,-5910.375,-31579.25
-7282.5,-6235.75,-24619.0
-7252.4375,-6535.75,-23127.25
-7288.0,-6702.625,-23940.625
-7323.75,-6798.375,-24358.25
-7425.0625,-6830.9375,-24569.75
-7461.0,-6827.4375,-24592.75
-7497.0625,-6777.9375,-24443.0
-7533.5,-6724.625,-24236.125
-7635.375,-8037.0,-23929.125
-7737.4375,-6699.75,-23576.5
-7774.0625,-6649.4375,-23347.625
-7876.4375,-6616.1875,-23100.875
-7978.6875,-6566.9375,-23016.625
-8081.1875,-6616.5625,-22823.75
-8183.6875,-6529.25,-22744.375
-8286.1875,-6560.875,-22519.625
-8388.875,-6433.625,-22162.875
-8557.0,-6329.375,-21802.875
-8659.625,-6160.1875,-21546.375
-8827.75,-6121.0625,-21070.625
-8930.5,-5931.0625,-20775.5
-9098.75,-5772.0625,-20240.625
-9267.0,-5550.3125,-19628.25
-9435.125,-5430.5625,-19250.375
-9603.125,-5428.8125,-19002.375
-9771.1875,-5358.0625,-18767.75
-10004.625,-5275.1875,-18570.75
-10172.4375,-5407.1875,-18590.5
-10340.0,-5412.1875,-18567.0
-10507.5625,-5469.875,-18652.625
-10675.0,-5514.5,-18633.5
-10842.375,-5518.0,-18586.5
-11075.125,-5590.4375,-18648.875
-11373.125,-6471.9375,-18445.75
-11539.9375,-5563.125,-18256.875
-11772.0,-5510.375,-17974.875
-12003.75,-5417.75,-17658.0
-12169.9375,-5309.0625,-17345.25
-12335.875,-5280.4375,-17049.0
-12567.125,-5152.75,-16647.375
-12798.0,-5017.375,-16201.75
-13028.75,-5042.875,-15865.875
-13259.0625,-4928.5,-15442.875
-13489.1875,-4754.1875,-15065.25
-13653.5,-4654.0625,-14739.875
-13883.125,-4587.8125,-14354.25
-14112.4375,-4538.5625,-14010.75
-14275.9375,-4683.25,-14015.0
-14439.1875,-4666.875,-13846.25
-14667.6875,-4872.25,-13892.25
-14830.375,-4944.4375,-13742.625
-15058.4375,-5033.5625,-13820.875
-15155.125,-5114.5,-13581.75
-15317.125,-5956.5,-13553.25
-15544.3125,-5098.0625,-13325.875
-15574.875,-5206.625,-14588.0
-15736.1875,-5250.9375,-13022.25
-15897.25,-5403.3125,-13069.625
-15992.75,-6015.875,-12661.875
-16087.9375,-5182.3125,-12065.375
-16248.5,-5037.0,-11438.875
-16277.8125,-4849.125,-10913.75
-16372.5,-4677.625,-10366.875
-16401.75,-4476.75,-9859.625
-16430.75,-4465.875,-9627.0
-16459.8125,-4418.0625,-9351.875
-16488.75,-4365.25,-8996.5
-16452.125,-4285.0625,-8713.875
-16480.875,-4126.375,-8313.5
-16444.25,-4017.125,-7946.25
-16407.625,-3846.0,-7536.875
-16305.625,-3817.9375,-7260.125
-16203.625,-3731.0625,-6826.875
-16101.8125,-3624.0625,-6547.5
-16000.0625,-3554.1875,-6121.75
-15898.5625,-3485.1875,-5702.25
-15797.125,-3412.25,-5459.875
-15695.875,-3365.25,-5044.5
-15529.375,-3335.25,-4832.75
-15428.5625,-3328.9375,-4479.875
-15262.4375,-3252.6875,-4254.875
-15096.625,-3174.5625,-3935.625
-14931.0,-3151.25,-3694.25
-14765.6875,-3106.875,-3357.5
-14600.6875,-3162.375,-3157.75
-14501.375,-3028.9375,-2851.375
-14271.3125,-3011.4375,-2580.875
-14107.25,-2861.0,-2303.125
-13943.4375,-2829.625,-2168.625
-13845.4375,-2849.125,-2029.75
-13682.125,-2950.4375,-1893.0
-13584.75,-3059.8125,-1996.75
-13422.0625,-3205.875,-2321.375
-13325.1875,-3473.6875,-3011.0
-13228.5625,-3831.25,-4383.125
-13132.375,-4362.5,-6533.75
-13036.3125,-5006.875,-8975.875
-12940.6875,-5543.8125,-11388.0
-12910.75,-5973.4375,-13485.0
-12815.5625,-6259.875,-15126.625
-12786.3125,-6485.0,-16343.125
-12757.1875,-6643.875,-17049.875
-12728.375,-6653.625,-17334.25
-12699.625,-6513.4375,-17410.5
-12736.75,-6578.1875,-17327.875
-12773.8125,-6643.6875,-17127.25
-12745.6875,-6488.1875,-16952.125
-12848.75,-6356.8125,-16554.625
-12886.4375,-6345.3125,-16303.375
-12924.375,-6297.8125,-15983.5
-13027.875,-6212.1875,-15706.625
-13065.875,-6132.6875,-15329.25
-13169.625,-6083.1875,-15084.125
-13273.5,-6055.5625,-14777.125
-13377.375,-6036.0625,-14396.75
-13481.25,-5986.5625,-14110.625
-13650.625,-5955.9375,-13824.25
-13689.125,-5861.5,-13446.875
-13793.25,-5815.0,-13061.5
-13897.4375,-5716.5,-12694.5
-14001.625,-5677.875,-12400.375
-14105.875,-5591.375,-11964.125
-14210.125,-5518.0,-11684.375
-14314.375,-5467.5,-11409.125
-14418.6875,-5377.25,-11292.25
-14457.5,-5281.0,-11223.5
-14496.3125,-5324.875,-11248.625
-14535.3125,-5295.6875,-11193.75
-14639.75,-5289.3125,-11269.625
-14613.25,-5271.0625,-11216.375
-14586.875,-5248.8125,-11172.875
-14560.625,-5337.3125,-11091.375
-14534.4375,-5348.6875,-11057.625
-14443.0,-5342.0625,-10953.125
-14351.5,-5354.4375,-10762.5
-14194.75,-5231.8125,-10548.25
-13972.6875,-5198.0625,-10285.875
-13816.375,-5198.3125,-9999.0
-13594.75,-5117.4375,-9694.625
-13373.4375,-5125.4375,-9355.625
-13217.6875,-5052.5625,-8998.0
-12931.25,-4936.6875,-8611.125
-12579.625,-4887.8125,-8204.875
-12293.875,-4737.0625,-7785.75
-11942.875,-4717.3125,-7399.375
-11592.25,-4648.6875,-7038.875
-11111.0,-4526.0625,-6616.0
-10695.6875,-4455.4375,-6145.125
-10280.75,-4474.9375,-5899.625
-9800.75,-4285.4375,-5395.5
-9255.8125,-4160.1875,-5062.625
-8711.3125,-4004.0625,-4705.5
-8232.75,-3909.1875,-4386.75
-7623.75,-3836.625,-4106.625
-7080.75,-3752.375,-3817.625
-6538.25,-3675.6875,-3341.625
-5931.0,-3665.75,-3171.25
-5324.1875,-3545.0,-2811.5
-4718.0625,-3559.5625,-2552.5
-4112.5,-3453.9375,-2191.625
-3442.1875,-3430.4375,-1915.625
-2837.875,-3367.3125,-1709.5
-2168.75,-3341.0625,-1478.375
-1500.3125,-3323.0625,-1165.0
-898.0625,-3304.9375,-898.25
-296.4375,-3340.8125,-690.75
370.125,-3232.75,-450.375
970.4375,-3269.625,-173.375
1570.125,-3178.375,73.0
2169.0625,-3125.125,327.625
2767.4375,-3118.875,583.0
3365.0625,-3050.75,767.875
3962.0,-3015.5,967.125
4492.875,-2938.375,1226.5
5023.0,-2851.25,1516.75
5552.5625,-2659.25,1857.125
6081.5,-2462.375,2183.125
6544.375,-2437.5,2512.25
7072.0,-2395.5625,2983.375
7468.125,-2283.6875,3264.25
7929.1875,-2265.6875,3507.125
8324.125,-2266.6875,3640.75
8718.5,-2235.6875,3834.625
9112.25,-2243.8125,3929.25
9505.5,-2378.6875,3799.625
9832.75,-2435.4375,3324.25
10159.5,-2702.0625,2413.5
10420.25,-3123.0625,494.875
10746.0,-3786.5625,-1960.0
11006.0,-4347.5,-4425.75
11199.875,-4953.8125,-6816.375
11393.3125,-5417.5,-8687.125
11586.4375,-5649.0625,-10083.375
11779.125,-5911.25,-11017.875
11971.5,-5972.375,-11427.5
12163.4375,-5995.4375,-11637.875
12289.6875,-6016.5,-11548.25
12415.5625,-5905.625,-11441.875
12475.6875,-5843.8125,-11234.125
12600.9375,-5678.0,-10916.875
12660.5625,-5460.25,-10492.125
12719.8125,-5427.5625,-10180.0
12778.9375,-5336.875,-9909.75
12837.75,-5243.3125,-9652.625
12896.375,-5198.5625,-9187.875
12954.6875,-5190.875,-8956.375
12947.3125,-5089.1875,-8532.625
13005.375,-5005.375,-8210.125
13063.25,-4935.5,-7836.625
13055.4375,-4836.8125,-7410.75
13112.9375,-4751.0,-6904.125
13104.9375,-4683.125,-6507.375
13031.375,-4599.1875,-6202.625
13088.5625,-4590.25,-5868.125
13145.8125,-4551.25,-5613.5
13202.8125,-4527.1875,-5452.125
13194.125,-4501.0625,-5210.625
13185.5625,-4439.125,-5171.75
13176.9375,-4472.0625,-5208.375
13233.6875,-4457.9375,-5205.75
13224.8125,-4480.75,-5201.875
13150.5,-4472.625,-5237.75
13207.125,-4508.4375,-5391.875
13132.5625,-4457.375,-5289.875
13189.1875,-4356.125,-5183.75
13180.1875,-4328.9375,-4941.375
13171.1875,-4194.8125,-4731.75
13162.1875,-4104.875,-4488.25
13218.6875,-4047.875,-4109.75
13275.125,-3911.9375,-3729.5
13266.125,-3869.125,-3323.875
13257.0,-3777.125,-3020.75
13248.0625,-3753.1875,-2682.75
13173.625,-3724.25,-2273.25
13230.25,-3698.125,-1981.5
13286.875,-3667.0625,-1575.375
13212.5,-3538.9375,-1256.25
13203.625,-3467.75,-835.875
13325.8125,-3474.8125,-483.125
13317.0,-3423.6875,-167.375
13308.125,-3445.375,97.25
13299.375,-3386.125,385.375
13290.625,-3331.0625,688.625
13412.8125,-3286.8125,960.125
13338.5625,-3185.0,1303.875
13329.875,-3072.1875,1802.625
13452.125,-3019.625,2035.125
13377.75,-2995.4375,2276.75
13434.5,-2953.75,2508.625
13425.6875,-3626.0625,2775.0
13482.3125,-2866.875,3010.25
13473.4375,-2869.5,3141.125
13464.5,-2887.5625,3586.0
13520.9375,-2818.0625,3881.625
13511.875,-3491.3125,4128.25
13502.6875,-2624.875,4425.75
13559.0625,-2553.8125,4550.375
13549.75,-2480.125,4740.5
13540.4375,-2387.8125,5015.875
13531.0,-3179.875,5184.125
13586.875,-2335.9375,5440.875
13577.125,-2288.25,5607.875
13567.375,-2305.75,5767.5
13557.4375,-2222.1875,6054.0
13547.375,-2950.75,6217.5
13602.75,-2244.125,6318.5
13592.4375,-2127.6875,6643.625
13581.9375,-2114.1875,6843.625
13571.3125,-2148.625,7080.25
13560.5625,-2809.3125,7263.75
13615.1875,-2034.8125,7483.125
13604.125,-2013.25,7775.375
13592.875,-1989.5625,7992.0
13581.5,-1992.8125,8047.125
13635.375,-2768.875,7986.25
13623.6875,-2218.4375,7692.5
13742.625,-2420.5,6842.25
13730.4375,-2886.875,5300.375
13718.0625,-3462.5625,2889.125
13705.5625,-4828.75,147.625
13758.5,-4667.0,-2518.0
13745.625,-5147.625,-4799.375
13798.125,-5407.8125,-6470.75
13785.0,-5620.6875,-7674.625
13837.1875,-6456.625,-8501.625
13823.75,-5781.1875,-8779.25
13875.6875,-5779.625,-8979.75
13862.0,-5804.9375,-8953.75
13848.25,-5755.125,-8865.875
13899.9375,-6405.5625,-8513.875
13886.125,-5623.625,-8355.125
13872.25,-5615.4375,-8120.375
13858.375,-5537.125,-7867.875
13779.0,-5541.6875,-7705.125
13765.0,-6271.4375,-7384.625
13751.125,-5494.625,-7316.375
13671.875,-5522.5,-7084.0
13658.0625,-5423.3125,-6930.25
13578.8125,-5439.8125,-6611.25
13565.1875,-6094.75,-6449.875
13486.25,-5320.25,-6093.75
13407.3125,-5193.625,-5783.625
13328.625,-5163.0625,-5391.625
13250.0625,-5136.4375,-5069.375
13171.75,-5767.0625,-4690.0
13093.625,-4956.625,-4613.5
12950.25,-4882.125,-4337.375
12872.5625,-4861.5625,-4274.125
12729.6875,-4896.0625,-4221.875
12587.0625,-5698.5625,-4354.625
12444.9375,-5033.75,-4462.375
12303.0625,-5098.75,-4495.125
12096.125,-5068.875,-4291.375
11955.0625,-5047.875,-4296.25
11683.3125,-5822.0,-4176.875
11477.625,-5016.875,-3969.5
11272.3125,-5064.5625,-3935.0
11067.4375,-5035.1875,-3632.25
10862.9375,-5064.8125,-3429.875
10724.375,-5807.5625,-3160.125
10455.3125,-5018.9375,-2834.875
10186.6875,-4958.4375,-2452.875
9918.625,-4892.0625,-2055.5
9782.0625,-4759.5625,-1676.875
9449.4375,-5473.4375,-1198.125
9248.5,-4625.1875,-826.0
8982.375,-4658.8125,-513.625
8716.875,-4520.5625,-13.125
8451.875,-4403.4375,490.25
8252.75,-5068.6875,1076.875
8054.0625,-4169.875,1421.875
7724.9375,-4080.875,1895.625
7461.8125,-3902.25,2120.5
7264.6875,-3823.5625,2575.5
7067.9375,-4474.1875,5.25
6871.625,-3598.8125,3389.375
6610.3125,-3571.375,3834.25
6414.9375,-3546.25,4157.375
6219.875,-3411.3125,4521.5
5959.8125,-4138.0625,2087.75
5831.125,-3314.125,5223.125
5637.1875,-3224.0,5593.625
5443.5625,-3068.3125,5999.25
5315.8125,-3077.1875,6390.0
5122.875,-3759.625,4045.5
4995.625,-2955.125,7066.875
4868.6875,-2884.75,7339.75
4741.875,-2793.375,7580.375
4680.75,-2798.125,7823.625
4554.3125,-3526.125,5524.625
4493.5625,-2621.875,8353.25
4432.8125,-2615.625,8657.375
4372.1875,-2571.375,8895.25
4311.75,-2612.125,9046.125
4251.3125,-3232.125,6798.0
4256.4375,-2328.875,9687.75
4196.125,-2213.875,10096.125
4201.3125,-2059.875,10374.375
4140.9375,-2007.875,10796.75
4146.125,-2629.25,8599.25
4151.25,-1768.4375,11542.625
4156.3125,-1617.5625,12101.875
4161.25,-1579.6875,12317.125
4166.1875,-1595.8125,12424.125
4171.0625,-2438.8125,9708.75
4175.875,-1750.5625,12123.5
4180.625,-1982.9375,11843.375
4250.625,-2157.0625,11177.25
4189.625,-2468.6875,10069.75
4194.0625,-3710.0,5550.875
4198.25,-3558.5625,5496.375
4136.875,-4227.5625,2723.0
4141.0,-4791.0,212.875
4079.6875,-5262.9375,-1840.5
4018.25,-6325.75,-5769.0
3891.3125,-5854.125,-4337.625
3829.875,-5989.4375,-4909.5
3768.3125,-5981.75,-5012.25
3641.3125,-6020.125,-5153.625
3514.3125,-6749.625,-7572.125
3387.4375,-5875.0,-4811.625
3195.0625,-5754.5,-4565.25
3002.875,-5659.0625,-4539.625
2810.8125,-5623.5625,-4162.0
2618.875,-6312.375,-6421.625
2361.5625,-5435.9375,-3535.375
2104.5,-5437.4375,-3421.75
1847.625,-5358.9375,-3112.875
1525.4375,-5272.5,-2786.5
1203.5625,-6061.1875,-5135.125
882.0625,-5206.75,-2348.25
560.875,-5191.125,-2201.875
174.5625,-5142.5,-1874.375
-211.5,-5129.6875,-1513.125
-597.0625,-5821.125,-3627.5
-1047.6875,-5122.125,-1061.5
-1497.6875,-5181.125,-1112.5
-1947.375,-5249.9375,-1140.5
-2396.5,-5432.5,-1305.25
-2976.0625,-6264.25,-3861.25
-3424.125,-5622.5,-1410.0
-3871.6875,-5657.75,-1548.25
-4384.0625,-5683.875,-1477.375
-4961.375,-5713.0,-1554.625
-5407.0,-6554.1875,-4062.25
-5917.625,-5666.1875,-1416.625
-6493.1875,-5616.125,-1271.25
-7002.5,-5508.25,-1161.75
-7511.1875,-5397.4375,-932.5
-7953.875,-5632.3125,-3277.125
-8461.5,-5600.25,-424.375
-8903.0625,-5474.25,-95.125
-9344.0,-5419.3125,196.375
-9784.375,-5302.3125,471.25
-10224.25,-5251.3125,-1895.875
-10598.1875,-5153.25,1093.5
-10971.5625,-5054.1875,1469.625
-11279.125,-5024.1875,1788.375
-11717.1875,-4947.125,1992.5
-12023.8125,-4901.0,-308.5
-12330.0625,-4895.8125,2502.875
-12570.5,-4977.5,2724.625
-12810.625,-4875.0625,2972.0
-13115.9375,-4887.75,3376.875
-13290.0625,-4769.5625,990.875
-13398.4375,-4749.375,4085.0
-13572.25,-4594.375,4367.875
-13811.25,-4574.5625,4800.125
-13919.125,-4341.375,5169.125
-14026.9375,-4246.6875,3008.0
-14069.1875,-4006.875,6235.375
-14111.4375,-3897.75,6696.125
-14153.625,-3714.375,7161.0
-14196.0,-3662.5,7516.25
-14172.875,-3662.875,5012.625
-14149.875,-3512.625,8174.875
-14061.5625,-3318.6875,8640.75
-13973.5,-3057.0625,9307.5
-13885.625,-2889.5625,9639.0
-13732.5625,-2835.125,7080.25
-13579.8125,-2716.6875,9985.0
-13427.3125,-2652.1875,10257.25
